{
    "prop_heading_model": {
        "slope": 0.209625563169711,
        "intercept": -0.017927950267998483
    },
    "prop_disp_model": {
        "slope": -0.9500794884362925,
        "intercept": 2.2001860965285207
    }
}