{"coefs": [[-0.8467487355479387, -41.471547997744885]], "intercept": [2.172233562034863]}