{"coefs": [[798.9590454101562]], "intercept": [0.7321856021881104]}