{"coefs": [[838.106201171875]], "intercept": [0.6921343803405762]}